<?xml version="1.0" encoding="UTF-8" standalone="yes"?>
<manifest>
  <control namespace="MeAtWoolies" constructor="InactiveTimeoutControl" version="0.0.1" display-name-key="InactiveTimeoutControl" description-key="InactiveTimeoutControl description" control-type="standard" api-version="1.3.15">
    <external-service-usage enabled="false"/>
    <property name="SessionTimeOutDuration" display-name-key="Session TimeOut Duration" of-type="Whole.None" usage="input" required="true"/>
    <property name="SessionStatus" display-name-key="Session Status" of-type="SingleLine.Text" usage="bound" required="true"/>
    <resources>
      <code path="bundle.js" order="1"/>
    </resources>
    <built-by name="pac" version="1.34.3"/>
  </control>
</manifest>